1;Автошколы;2015-09-08 11:39:53;2015-09-08 11:39:53;1;Обучение
2;Курсы вождения;2015-09-08 11:39:53;2015-09-08 11:39:53;1; 
3;Аренда автомобилей;2015-09-08 11:39:53;2015-09-08 11:39:53;1;Такси, аренда транспорта
4;Аренда грузового  а;2015-09-08 11:39:53;2015-09-08 11:39:53;1; 
5;Аренда спецтехники;2015-09-08 11:39:53;2015-09-08 11:39:53;1; 
6;Службы такси;2015-09-08 11:39:53;2015-09-08 11:39:53;1; 
7;Вскрытие замков;2015-09-08 11:39:53;2015-09-08 11:39:53;1;Автопомощь
8;Эвакуация;2015-09-08 11:39:53;2015-09-08 11:39:53;1; 
9;Грузоперевозки;2015-09-08 11:39:53;2015-09-08 11:39:53;1;Перевозки
10;Пассажирские перевозки;2015-09-08 11:39:53;2015-09-08 11:39:53;1; 
11;ГАИ;2015-09-08 11:39:53;2015-09-08 11:39:53;1;ГАИ, гостехосмотр, штрафстоянки
12;Гостехосмотр;2015-09-08 11:39:53;2015-09-08 11:39:53;1; 
13;Платные парковки;2015-09-08 11:39:53;2015-09-08 11:39:53;1; 
14;Штрафстоянки;2015-09-08 11:39:53;2015-09-08 11:39:53;1; 
15;Запчасти для грузовых авто;2015-09-08 11:39:53;2015-09-08 11:39:53;1;Грузовые авто, спецтехника и прицепы
16;Запчасти для пассажирского  а;2015-09-08 11:39:53;2015-09-08 11:39:53;1; 
17;Запчасти для сельхозтехники;2015-09-08 11:39:53;2015-09-08 11:39:53;1; 
18;Запчасти для спецтехники;2015-09-08 11:39:53;2015-09-08 11:39:53;1; 
19;Продажа грузовых авто;2015-09-08 11:39:53;2015-09-08 11:39:53;1; 
20;Продажа спецтехники;2015-09-08 11:39:53;2015-09-08 11:39:53;1; 
21;Продажа и аренда прицепов;2015-09-08 11:39:53;2015-09-08 11:39:53;1; 
22;Ремонт грузовых авто и спецтехники;2015-09-08 11:39:53;2015-09-08 11:39:53;1; 
23;Магазины автозапчастей;2015-09-08 11:39:53;2015-09-08 11:39:53;1;Запчасти и аксессуары
24;Аккумуляторы и батареи;2015-09-08 11:39:53;2015-09-08 11:39:53;1; 
25;Акустика;2015-09-08 11:39:53;2015-09-08 11:39:53;1; 
26;Масла и автохимия;2015-09-08 11:39:53;2015-09-08 11:39:53;1; 
27;Охранные системы;2015-09-08 11:39:53;2015-09-08 11:39:53;1; 
28;Шины, диски;2015-09-08 11:39:53;2015-09-08 11:39:53;1;
29;Автоломбарды;2015-09-08 11:39:53;2015-09-08 11:39:53;1;Покупка и продажа авто, мототехники
30;Автодилеры;2015-09-08 11:39:53;2015-09-08 11:39:53;1; 
31;Автохаусы;2015-09-08 11:39:53;2015-09-08 11:39:53;1; 
32;Мототехника;2015-09-08 11:39:53;2015-09-08 11:39:53;1; 
33;Тюнинг;2015-09-08 11:39:53;2015-09-08 11:39:53;1;Тюнинг и дополнительное оборудование
34;Аудио,  видеотехника;2015-09-08 11:39:53;2015-09-08 11:39:53;1; 
35;Газовое оборудование;2015-09-08 11:39:53;2015-09-08 11:39:53;1; 
36;Дополнительное оборудование;2015-09-08 11:39:53;2015-09-08 11:39:53;1; 
37;Сигнализация;2015-09-08 11:39:53;2015-09-08 11:39:53;1; 
38;Автомойки,  химчистки;2015-09-08 11:39:53;2015-09-08 11:39:53;1;Автозаправки,  мойки
39;АЗС;2015-09-08 11:39:53;2015-09-08 11:39:53;1;
40;Оборудование для СТО, шиномонтажей и моек;2015-09-08 11:39:53;2015-09-08 11:39:53;1;СТО и ремонт
41;СТО;2015-09-08 11:39:53;2015-09-08 11:39:53;1;
42;Химчистки;2015-09-08 11:39:53;2015-09-08 11:39:53;2;Бытовые услуги
43;Услуги прачечных;2015-09-08 11:39:53;2015-09-08 11:39:53;2; 
44;Клининговые услуги;2015-09-08 11:39:53;2015-09-08 11:39:53;2; 
45;Ритуальные услуги;2015-09-08 11:39:53;2015-09-08 11:39:53;2; 
46;Изготовление ключей;2015-09-08 11:39:53;2015-09-08 11:39:53;2; 
47;Услуги фотоателье;2015-09-08 11:39:53;2015-09-08 11:39:53;2; 
48;Мастер на час;2015-09-08 11:39:53;2015-09-08 11:39:53;2; 
49;Прокат и аренда;2015-09-08 11:39:53;2015-09-08 11:39:53;2; 
50;Ремонт сумок, чемоданов и зонтов;2015-09-08 11:39:53;2015-09-08 11:39:53;2;Ремонтные мастерские
51;Ремонт и пошив одежды;2015-09-08 11:39:53;2015-09-08 11:39:53;2; 
52;Ремонт и пошив обуви;2015-09-08 11:39:53;2015-09-08 11:39:53;2; 
53;Ремонт и изготовление ювелирных изделий;2015-09-08 11:39:53;2015-09-08 11:39:53;2; 
54;Ремонт музыкальных инструментов;2015-09-08 11:39:53;2015-09-08 11:39:53;2; 
55;Ремонт аудио и видеотехники;2015-09-08 11:39:53;2015-09-08 11:39:53;2; 
56;Ремонт фототехники;2015-09-08 11:39:53;2015-09-08 11:39:53;2; 
57;Ремонт компьютерной техники;2015-09-08 11:39:53;2015-09-08 11:39:53;2; 
58;Ремонт бытовой техники;2015-09-08 11:39:53;2015-09-08 11:39:53;2; 
59;Ремонт мобильных телефонов и средств связи;2015-09-08 11:39:53;2015-09-08 11:39:53;2; 
60;ЗАГСы;2015-09-08 11:39:53;2015-09-08 11:39:53;3;Государство и общество
61;Религиозные организации;2015-09-08 11:39:53;2015-09-08 11:39:53;3; 
62;Центры занятости населения;2015-09-08 11:39:53;2015-09-08 11:39:53;3; 
63;Налоговые инспекции;2015-09-08 11:39:53;2015-09-08 11:39:53;3; 
64;Фонды;2015-09-08 11:39:53;2015-09-08 11:39:53;3; 
65;Нотариусы;2015-09-08 11:39:53;2015-09-08 11:39:53;3; 
66;Юридические услуги;2015-09-08 11:39:53;2015-09-08 11:39:53;3; 
67;Посольства и консульства;2015-09-08 11:39:53;2015-09-08 11:39:53;3; 
68;Военкоматы;2015-09-08 11:39:53;2015-09-08 11:39:53;3; 
69;Кадровые агентства;2015-09-08 11:39:53;2015-09-08 11:39:53;3; 
70;Паспортно-визовая служба;2015-09-08 11:39:53;2015-09-08 11:39:53;3; 
71;Прокуратуры;2015-09-08 11:39:53;2015-09-08 11:39:53;3; 
72;Коммунальные службы;2015-09-08 11:39:53;2015-09-08 11:39:53;3; 
73;Санэпидемстанции;2015-09-08 11:39:53;2015-09-08 11:39:53;3; 
74;Органы исполнительной власти;2015-09-08 11:39:53;2015-09-08 11:39:53;3; 
75;Суды;2015-09-08 11:39:53;2015-09-08 11:39:53;3; 
76;Кадастровые агентства;2015-09-08 11:39:53;2015-09-08 11:39:53;3; 
77;Министерства;2015-09-08 11:39:53;2015-09-08 11:39:53;3; 
78;Детские развлекательные центры;2015-09-08 11:39:53;2015-09-08 11:39:53;4;Дети
79;Прокат детских товаров;2015-09-08 11:39:53;2015-09-08 11:39:53;4; 
80;Магазины детских товаров;2015-09-08 11:39:53;2015-09-08 11:39:53;4; 
81;Няни;2015-09-08 11:39:53;2015-09-08 11:39:53;4; 
82;Детские;2015-09-08 11:39:53;2015-09-08 11:39:53;4;
83;Детские сады;2015-09-08 11:39:53;2015-09-08 11:39:53;4; 
84;Центры детского развития;2015-09-08 11:39:53;2015-09-08 11:39:53;4; 
85;Ветаптеки;2015-09-08 11:39:53;2015-09-08 11:39:53;5;Домашние животные
86;Ветклиники;2015-09-08 11:39:53;2015-09-08 11:39:53;5; 
87;Гостиницы для домашних животных;2015-09-08 11:39:53;2015-09-08 11:39:53;5; 
88;Зоомагазины;2015-09-08 11:39:53;2015-09-08 11:39:53;5; 
89;Питомники;2015-09-08 11:39:53;2015-09-08 11:39:53;5; 
90;Салоны красоты для животных;2015-09-08 11:39:53;2015-09-08 11:39:53;5; 
91;Торты на заказ;2015-09-08 11:39:53;2015-09-08 11:39:53;6;Еда
92;Рестораны, кафе;2015-09-08 11:39:53;2015-09-08 11:39:53;6;
93;Кейтеринг;2015-09-08 11:39:53;2015-09-08 11:39:53;6; 
94;Доставка еды;2015-09-08 11:39:53;2015-09-08 11:39:53;6; 
95;Банкетные залы;2015-09-08 11:39:53;2015-09-08 11:39:53;6; 
96;Столовые;2015-09-08 11:39:53;2015-09-08 11:39:53;6; 
97;Аптеки;2015-09-08 11:39:53;2015-09-08 11:39:53;7; Красота и медицина
98;Тату- салоны;2015-09-08 11:39:53;2015-09-08 11:39:53;7; 
99;Фитнес, тренажерные залы;2015-09-08 11:39:53;2015-09-08 11:39:53;7;
100;Солярии;2015-09-08 11:39:53;2015-09-08 11:39:53;7; 
101;Йога;2015-09-08 11:39:53;2015-09-08 11:39:53;7; 
102;SPA-центры;2015-09-08 11:39:53;2015-09-08 11:39:53;7; 
103;Парикмахерские;2015-09-08 11:39:53;2015-09-08 11:39:53;7; 
104;Центры коррекции фигуры;2015-09-08 11:39:53;2015-09-08 11:39:53;7; 
105;Салоны красоты;2015-09-08 11:39:53;2015-09-08 11:39:53;7; 
106;Стоматология;2015-09-08 11:39:53;2015-09-08 11:39:53;7; 
107;Родильные дома;2015-09-08 11:39:53;2015-09-08 11:39:53;7; 
108;Медицинские центры;2015-09-08 11:39:53;2015-09-08 11:39:53;7; 
109;Больницы, госпитали;2015-09-08 11:39:53;2015-09-08 11:39:53;7;
110;Поликлиники;2015-09-08 11:39:53;2015-09-08 11:39:53;7; 
111;Магазины оптики;2015-09-08 11:39:53;2015-09-08 11:39:53;7; 
112;Магазины медтехники;2015-09-08 11:39:53;2015-09-08 11:39:53;7; 
113;Мастера по маникюру и педикюру;2015-09-08 11:39:53;2015-09-08 11:39:53;7; Мастера красоты
114;Визажисты, стилисты;2015-09-08 11:39:53;2015-09-08 11:39:53;7;
115;Массажисты;2015-09-08 11:39:53;2015-09-08 11:39:53;7; 
116;Мастера по эпиляции;2015-09-08 11:39:53;2015-09-08 11:39:53;7; 
117;Косметологи;2015-09-08 11:39:53;2015-09-08 11:39:53;7; 
118;Магазины парфюмерии и косметики;2015-09-08 11:39:53;2015-09-08 11:39:53;8; Магазины, торговые площадки
119;Магазины бытовой химии;2015-09-08 11:39:53;2015-09-08 11:39:53;8; 
120;Ювелирные магазины;2015-09-08 11:39:53;2015-09-08 11:39:53;8; 
121;Магазины музыкальных инструментов;2015-09-08 11:39:53;2015-09-08 11:39:53;8; 
122;Магазины товаров для охоты и рыбалки;2015-09-08 11:39:53;2015-09-08 11:39:53;8; 
123;Магазины канцтоваров;2015-09-08 11:39:53;2015-09-08 11:39:53;8; 
124;Книжные магазины;2015-09-08 11:39:53;2015-09-08 11:39:53;8; 
125;Конфискат, комиссионные магазины;2015-09-08 11:39:53;2015-09-08 11:39:53;8;
126;Продуктовые магазины;2015-09-08 11:39:53;2015-09-08 11:39:53;8; 
127;Магазины товаров для хобби;2015-09-08 11:39:53;2015-09-08 11:39:53;8; 
128;Стоки, секонд-хэнды;2015-09-08 11:39:53;2015-09-08 11:39:53;8; Магазины одежды, обуви, аксессуаров
129;Детская одежда;2015-09-08 11:39:53;2015-09-08 11:39:53;8; 
130;Женская одежда;2015-09-08 11:39:53;2015-09-08 11:39:53;8; 
131;Мужская одежда;2015-09-08 11:39:53;2015-09-08 11:39:53;8; 
132;Магазины обуви;2015-09-08 11:39:53;2015-09-08 11:39:53;8; 
133;Магазины аксессуаров;2015-09-08 11:39:53;2015-09-08 11:39:53;8; 
134;Магазины белья;2015-09-08 11:39:53;2015-09-08 11:39:53;8; 
135;Магазины для беременных;2015-09-08 11:39:53;2015-09-08 11:39:53;8; 
136;Магазины спортивной одежды;2015-09-08 11:39:53;2015-09-08 11:39:53;8; 
137;Магазины бижутерии;2015-09-08 11:39:53;2015-09-08 11:39:53;8; 
138;Магазины верхней одежды;2015-09-08 11:39:53;2015-09-08 11:39:53;8; 
139;Магазины сумок;2015-09-08 11:39:53;2015-09-08 11:39:53;8; 
140;Торговые центры;2015-09-08 11:39:53;2015-09-08 11:39:53;8;Торговые площадки
141;Рынки;2015-09-08 11:39:53;2015-09-08 11:39:53;8; 
142;Магазины ковров;2015-09-08 11:39:53;2015-09-08 11:39:53;8; Магазины товаров для дома
143;Магазины посуды;2015-09-08 11:39:53;2015-09-08 11:39:53;8; 
144;Магазины постельного белья;2015-09-08 11:39:53;2015-09-08 11:39:53;8; 
145;Магазины предметов интерьера;2015-09-08 11:39:53;2015-09-08 11:39:53;8; 
146;Мебельные магазины;2015-09-08 11:39:53;2015-09-08 11:39:53;8; 
147;Магазины светильников и электрики;2015-09-08 11:39:53;2015-09-08 11:39:53;8; 
148;Салоны штор;2015-09-08 11:39:53;2015-09-08 11:39:53;8; 
149;Магазины бытовой техники;2015-09-08 11:39:53;2015-09-08 11:39:53;8; Магазины техники
150;Компьютерная и оргтехника;2015-09-08 11:39:53;2015-09-08 11:39:53;8; 
151;Телефоны и связь;2015-09-08 11:39:53;2015-09-08 11:39:53;8;
152;Фото-, видеотехника;2015-09-08 11:39:53;2015-09-08 11:39:53;8;
153;Игры и развлечения;2015-09-08 11:39:53;2015-09-08 11:39:53;8; 
154;Аудиотехника;2015-09-08 11:39:53;2015-09-08 11:39:53;8; 
155;Агентства недвижимости;2015-09-08 11:39:53;2015-09-08 11:39:53;9;Недвижимость
156;Оценка недвижимости;2015-09-08 11:39:53;2015-09-08 11:39:53;9; 
157;Коммунальные службы;2015-09-08 11:39:53;2015-09-08 11:39:53;9; 
158;Кадастровые агентства;2015-09-08 11:39:53;2015-09-08 11:39:53;9; 
159;Застройщики;2015-09-08 11:39:53;2015-09-08 11:39:53;9; 
160;Коттеджи и агроусадьбы;2015-09-08 11:39:53;2015-09-08 11:39:53;9; 
161;Квартиры на сутки;2015-09-08 11:39:53;2015-09-08 11:39:53;9; 
162;Автошколы;2015-09-08 11:39:53;2015-09-08 11:39:53;10;Образование
163;Повышение квалификации;2015-09-08 11:39:53;2015-09-08 11:39:53;10; 
164;Библиотеки;2015-09-08 11:39:53;2015-09-08 11:39:53;10; 
165;Модельные школы;2015-09-08 11:39:53;2015-09-08 11:39:53;10; 
166;Школы искусств;2015-09-08 11:39:53;2015-09-08 11:39:53;10; 
167;Школы танцев;2015-09-08 11:39:53;2015-09-08 11:39:53;10; 
168;Написание курсовых, дипломных работ;2015-09-08 11:39:53;2015-09-08 11:39:53;10;
169;Репетиторы. Подготовка к ЦТ;2015-09-08 11:39:53;2015-09-08 11:39:53;10; 
170;Тренинги;2015-09-08 11:39:53;2015-09-08 11:39:53;10; 
171;Детские сады;2015-09-08 11:39:53;2015-09-08 11:39:53;10; Учебные заведения
172;Профессиональные колледжи, училища;2015-09-08 11:39:53;2015-09-08 11:39:53;10;
173;Школы;2015-09-08 11:39:53;2015-09-08 11:39:53;10; 
174;Гимназии;2015-09-08 11:39:53;2015-09-08 11:39:53;10; 
175;Лицеи;2015-09-08 11:39:53;2015-09-08 11:39:53;10; 
176;ВУЗЫ;2015-09-08 11:39:53;2015-09-08 11:39:53;10; 
177;Курсы иностранных языков;2015-09-08 11:39:53;2015-09-08 11:39:53;10;Курсы
178;Курсы фотографии и видеосъемки;2015-09-08 11:39:53;2015-09-08 11:39:53;10; 
179;Школы красоты;2015-09-08 11:39:53;2015-09-08 11:39:53;10; 
180;Курсы рабочих специальностей;2015-09-08 11:39:53;2015-09-08 11:39:53;10; 
181;Курсы рукоделия;2015-09-08 11:39:53;2015-09-08 11:39:53;10; 
182;Профессиональные курсы;2015-09-08 11:39:53;2015-09-08 11:39:53;10; 
183;Кулинарные курсы;2015-09-08 11:39:53;2015-09-08 11:39:53;10; 
184;Курсы дизайна;2015-09-08 11:39:53;2015-09-08 11:39:53;10; 
185;IT курсы;2015-09-08 11:39:53;2015-09-08 11:39:53;10; 
186;Курсы видеосъемки;2015-09-08 11:39:53;2015-09-08 11:39:53;10; 
187;Рестораны и кафе;2015-09-08 11:39:53;2015-09-08 11:39:53;10; Отдых и развлечения
188;Сауны, бани;2015-09-08 11:39:53;2015-09-08 11:39:53;10;
189;Ночные клубы;2015-09-08 11:39:53;2015-09-08 11:39:53;10; 
190;Караоке-клубы;2015-09-08 11:39:53;2015-09-08 11:39:53;10; 
191;Детские развлекательные центры;2015-09-08 11:39:53;2015-09-08 11:39:53;10; 
192;Клубы по интересам;2015-09-08 11:39:53;2015-09-08 11:39:53;10; 
193;Выставочные центры, галереи;2015-09-08 11:39:53;2015-09-08 11:39:53;10;
194;Парки культуры и отдыха;2015-09-08 11:39:53;2015-09-08 11:39:53;10; 
195;Дворцы и дома культуры;2015-09-08 11:39:53;2015-09-08 11:39:53;10; 
196;Казино;2015-09-08 11:39:53;2015-09-08 11:39:53;10;Игорные заведения
197;Залы игровых автоматов;2015-09-08 11:39:53;2015-09-08 11:39:53;10; 
198;Бильярд;2015-09-08 11:39:53;2015-09-08 11:39:53;10;Развлечения
199;Театры;2015-09-08 11:39:53;2015-09-08 11:39:53;10; 
200;Кинотеатры;2015-09-08 11:39:53;2015-09-08 11:39:53;10; 
201;Цирки;2015-09-08 11:39:53;2015-09-08 11:39:53;10; 
202;Музеи;2015-09-08 11:39:53;2015-09-08 11:39:53;10; 
203;Концертные площадки;2015-09-08 11:39:53;2015-09-08 11:39:53;10; 
204;Зоопарки и дельфинарии;2015-09-08 11:39:53;2015-09-08 11:39:53;10; 
205;Лазертаг;2015-09-08 11:39:53;2015-09-08 11:39:53;10; 
206;Картинг, дрифтинг;2015-09-08 11:39:53;2015-09-08 11:39:53;10;
207;Тиры;2015-09-08 11:39:53;2015-09-08 11:39:53;10; 
208;Дайвинг;2015-09-08 11:39:53;2015-09-08 11:39:53;10; 
209;Страйкбол;2015-09-08 11:39:53;2015-09-08 11:39:53;10; 
210;Квесты, приключения;2015-09-08 11:39:53;2015-09-08 11:39:53;10;
211;Пейнтбол;2015-09-08 11:39:53;2015-09-08 11:39:53;10; 
212;Верховая езда;2015-09-08 11:39:53;2015-09-08 11:39:53;10; 
213;Боулинг;2015-09-08 11:39:53;2015-09-08 11:39:53;10; 
214;Аквапарки;2015-09-08 11:39:53;2015-09-08 11:39:53;10; 
215;Букмекерские конторы;2015-09-08 11:39:53;2015-09-08 11:39:53;11;Спорт
216;Прокат и аренда;2015-09-08 11:39:53;2015-09-08 11:39:53;11; 
217;Спортивные школы, секции;2015-09-08 11:39:53;2015-09-08 11:39:53;11;
218;Спортивное питание;2015-09-08 11:39:53;2015-09-08 11:39:53;11;Магазины
219;Спортивные товары, снаряжение;2015-09-08 11:39:53;2015-09-08 11:39:53;11;
220;Магазины спортивной одежды;2015-09-08 11:39:53;2015-09-08 11:39:53;11; 
221;Товары для отдыха и туризма;2015-09-08 11:39:53;2015-09-08 11:39:53;11; 
222;Товары для рыбалки и охоты;2015-09-08 11:39:53;2015-09-08 11:39:53;11; 
223;Магазины велосипедов;2015-09-08 11:39:53;2015-09-08 11:39:53;11; 
224;Бассейны;2015-09-08 11:39:53;2015-09-08 11:39:53;11; Спортивные центры
225;Гольф клубы;2015-09-08 11:39:53;2015-09-08 11:39:53;11; 
226;Горнолыжные центры;2015-09-08 11:39:53;2015-09-08 11:39:53;11; 
227;Катки;2015-09-08 11:39:53;2015-09-08 11:39:53;11; 
228;Спортивные комплексы;2015-09-08 11:39:53;2015-09-08 11:39:53;11; 
229;Теннисные корты;2015-09-08 11:39:53;2015-09-08 11:39:53;11; 
230;Фитнес, тренажерные залы;2015-09-08 11:39:53;2015-09-08 11:39:53;11;
231;Йога;2015-09-08 11:39:53;2015-09-08 11:39:53;11; 
232;Артисты;2015-09-08 11:39:53;2015-09-08 11:39:53;12;Праздники
233;Ведущие;2015-09-08 11:39:53;2015-09-08 11:39:53;12; 
234;Детские праздники;2015-09-08 11:39:53;2015-09-08 11:39:53;12; 
235;Аренда оборудования;2015-09-08 11:39:53;2015-09-08 11:39:53;12; 
236;Оформление и декор;2015-09-08 11:39:53;2015-09-08 11:39:53;12; 
237;Полиграфия;2015-09-08 11:39:53;2015-09-08 11:39:53;12; 
238;Подарки и сувениры;2015-09-08 11:39:53;2015-09-08 11:39:53;12; 
239;Праздничные агентства;2015-09-08 11:39:53;2015-09-08 11:39:53;12; 
240;Свадебные, вечерние салоны;2015-09-08 11:39:53;2015-09-08 11:39:53;12;
241;Карнавальные костюмы;2015-09-08 11:39:53;2015-09-08 11:39:53;12; 
242;Свадебный кортеж;2015-09-08 11:39:53;2015-09-08 11:39:53;12; 
243;Шоу-программы;2015-09-08 11:39:53;2015-09-08 11:39:53;12; 
244;Видеосъёмка;2015-09-08 11:39:53;2015-09-08 11:39:53;12; 
245;Фотосъёмка;2015-09-08 11:39:53;2015-09-08 11:39:53;12; 
246;Магазины цветов;2015-09-08 11:39:53;2015-09-08 11:39:53;12; 
247;Торты на заказ;2015-09-08 11:39:53;2015-09-08 11:39:53;12; 
248;Двери, фурнитура;2015-09-08 11:39:53;2015-09-08 11:39:53;13;Отделка и декор
249;Лестницы;2015-09-08 11:39:53;2015-09-08 11:39:53;12; 
250;Напольные покрытия;2015-09-08 11:39:53;2015-09-08 11:39:53;13; 
251;Окна;2015-09-08 11:39:53;2015-09-08 11:39:53;13; 
252;Обои;2015-09-08 11:39:53;2015-09-08 11:39:53;13; 
253;Отделочные материалы для внутренних работ;2015-09-08 11:39:53;2015-09-08 11:39:53;13; 
254;Плитка;2015-09-08 11:39:53;2015-09-08 11:39:53;13; 
255;Потолки, сопутствующие товары;2015-09-08 11:39:53;2015-09-08 11:39:53;13;
256;Предметы интерьера,  декор;2015-09-08 11:39:53;2015-09-08 11:39:53;13; 
257;Сантехника;2015-09-08 11:39:53;2015-09-08 11:39:53;13; 
258;Светильники,  электрика;2015-09-08 11:39:53;2015-09-08 11:39:53;13; 
259;Стекла, витражи, зеркала;2015-09-08 11:39:53;2015-09-08 11:39:53;13;
260;Шторы, жалюзи;2015-09-08 11:39:53;2015-09-08 11:39:53;13;
261;Бетон, сыпучие материалы;2015-09-08 11:39:53;2015-09-08 11:39:53;13;Материалы для строительства
262;Железобетонные изделия;2015-09-08 11:39:53;2015-09-08 11:39:53;13; 
263;Изоляция;2015-09-08 11:39:53;2015-09-08 11:39:53;13; 
264;Камень, изделия из камня;2015-09-08 11:39:53;2015-09-08 11:39:53;13;
265;Кровельные материалы;2015-09-08 11:39:53;2015-09-08 11:39:53;13; 
266;Лакокрасочная продукция;2015-09-08 11:39:53;2015-09-08 11:39:53;13; 
267;Металл: конструкции, изделия, прокат;2015-09-08 11:39:53;2015-09-08 11:39:53;13;
268;Пиломатериалы;2015-09-08 11:39:53;2015-09-08 11:39:53;13; 
269;Стеновые и кладочные материалы;2015-09-08 11:39:53;2015-09-08 11:39:53;13; 
270;Сухие строительные смеси;2015-09-08 11:39:53;2015-09-08 11:39:53;13; 
271;Трубопроводная арматура;2015-09-08 11:39:53;2015-09-08 11:39:53;13; 
272;Фасадные материалы;2015-09-08 11:39:53;2015-09-08 11:39:53;13; 
273;Строительные супермаркеты;2015-09-08 11:39:53;2015-09-08 11:39:53;13;Строительные торговые площадки
274;Дизайн помещений;2015-09-08 11:39:53;2015-09-08 11:39:53;13;Услуги по строительству и ремонту
275;Комплексный ремонт под ключ;2015-09-08 11:39:53;2015-09-08 11:39:53;13; 
276;Отделочные работы;2015-09-08 11:39:53;2015-09-08 11:39:53;13; 
277;Отопление. Газоснабжение;2015-09-08 11:39:53;2015-09-08 11:39:53;13; 
278;Подведение коммуникаций;2015-09-08 11:39:53;2015-09-08 11:39:53;13; 
279;Проектирование. Смета;2015-09-08 11:39:53;2015-09-08 11:39:53;13; 
280;Сантехнические работы;2015-09-08 11:39:53;2015-09-08 11:39:53;13; 
281;Строительство зданий и сооружений;2015-09-08 11:39:53;2015-09-08 11:39:53;13; 
282;Услуги грузчиков, мувинг;2015-09-08 11:39:53;2015-09-08 11:39:53;13;
283;Электромонтажные работы;2015-09-08 11:39:53;2015-09-08 11:39:53;13; 
284;Кровельные работы;2015-09-08 11:39:53;2015-09-08 11:39:53;13; 
285;Корпусная мебель;2015-09-08 11:39:53;2015-09-08 11:39:53;13;Мебель
286;Мебельная фурнитура;2015-09-08 11:39:53;2015-09-08 11:39:53;13; 
287;Мягкая мебель;2015-09-08 11:39:53;2015-09-08 11:39:53;13; 
288;Ремонт мебели;2015-09-08 11:39:53;2015-09-08 11:39:53;13; 
289;Специализированная мебель;2015-09-08 11:39:53;2015-09-08 11:39:53;13; 
290;Стулья и кресла;2015-09-08 11:39:53;2015-09-08 11:39:53;13; 
291;Кухни;2015-09-08 11:39:53;2015-09-08 11:39:53;13; 
292;Контрольно-измерительные приборы;2015-09-08 11:39:53;2015-09-08 11:39:53;13;Инструмент и оборудование
293;Отопительное оборудование;2015-09-08 11:39:53;2015-09-08 11:39:53;13; 
294;Охранные системы, видеонаблюдение;2015-09-08 11:39:53;2015-09-08 11:39:53;13;
295;Системы кондиционирования и вентиляции;2015-09-08 11:39:53;2015-09-08 11:39:53;13; 
296;Строительный инструмент;2015-09-08 11:39:53;2015-09-08 11:39:53;13; 
297;Строительная техника и оборудование;2015-09-08 11:39:53;2015-09-08 11:39:53;13; 
298;Электрооборудование;2015-09-08 11:39:53;2015-09-08 11:39:53;13; 
299;Бани, сауны;2015-09-08 11:39:53;2015-09-08 11:39:53;13;Благоустройство территории
300;Бассейны;2015-09-08 11:39:53;2015-09-08 11:39:53;13; 
301;Беседки, садовая мебель;2015-09-08 11:39:53;2015-09-08 11:39:53;13;
302;Все для сада и огорода;2015-09-08 11:39:53;2015-09-08 11:39:53;13; 
303;Ворота, ограждения;2015-09-08 11:39:53;2015-09-08 11:39:53;13;
304;Ландшафтный дизайн;2015-09-08 11:39:53;2015-09-08 11:39:53;13; 
305;Уличное освещение;2015-09-08 11:39:53;2015-09-08 11:39:53;13; 
306;Интернет-провайдеры;2015-09-08 11:39:53;2015-09-08 11:39:53;14;Связь
307;Операторы связи;2015-09-08 11:39:53;2015-09-08 11:39:53;14; 
308;Телевидение;2015-09-08 11:39:53;2015-09-08 11:39:53;14; 
309;Почтовые отделения;2015-09-08 11:39:53;2015-09-08 11:39:53;14; 
310;Серверное оборудование;2015-09-08 11:39:53;2015-09-08 11:39:53;14; 
311;Сетевое оборудование;2015-09-08 11:39:53;2015-09-08 11:39:53;14; 
312;Аренда легковых автомобилей и автобусов;2015-09-08 11:39:53;2015-09-08 11:39:53;14; Транспорт
313;Службы такси;2015-09-08 11:39:53;2015-09-08 11:39:53;14; 
314;Пассажирские перевозки;2015-09-08 11:39:53;2015-09-08 11:39:53;14; 
315;Грузоперевозки;2015-09-08 11:39:53;2015-09-08 11:39:53;14; 
316;Железнодорожные вокзалы;2015-09-08 11:39:53;2015-09-08 11:39:53;14; 
317;Автовокзалы;2015-09-08 11:39:53;2015-09-08 11:39:53;14; 
318;Речные вокзалы;2015-09-08 11:39:53;2015-09-08 11:39:53;14; 
319;Аэропорты;2015-09-08 11:39:53;2015-09-08 11:39:53;14; 
320;Общественный городской транспорт;2015-09-08 11:39:53;2015-09-08 11:39:53;14; 
321;Туристические компании;2015-09-08 11:39:53;2015-09-08 11:39:53;15;Туризм и путешествия
322;Коттеджи и агроусадьбы;2015-09-08 11:39:53;2015-09-08 11:39:53;15; 
323;Посольства и консульства;2015-09-08 11:39:53;2015-09-08 11:39:53;15; 
324;Авиакомпании;2015-09-08 11:39:53;2015-09-08 11:39:53;15; 
325;Гостиницы;2015-09-08 11:39:53;2015-09-08 11:39:53;15; 
326;Санатории;2015-09-08 11:39:53;2015-09-08 11:39:53;15; 
327;Базы отдыха;2015-09-08 11:39:53;2015-09-08 11:39:53;15; 
328;Визовая поддержка;2015-09-08 11:39:53;2015-09-08 11:39:53;15; 
329;Квартиры на сутки;2015-09-08 11:39:53;2015-09-08 11:39:53;15; 
330;Детские оздоровительные лагеря;2015-09-08 11:39:53;2015-09-08 11:39:53;15; 
331;Охотничьи угодья;2015-09-08 11:39:53;2015-09-08 11:39:53;15; 
332;Рыболовные угодья;2015-09-08 11:39:53;2015-09-08 11:39:53;15; 
333;Страхование;2015-09-08 11:39:53;2015-09-08 11:39:53;16;Финансы
334;Банки;2015-09-08 11:39:53;2015-09-08 11:39:53;16; 
335;Заемные компании и общества;2015-09-08 11:39:53;2015-09-08 11:39:53;16; 
336;Банкоматы;2015-09-08 11:39:53;2015-09-08 11:39:53;16; 
337;Ломбарды;2015-09-08 11:39:53;2015-09-08 11:39:53;16; 
338;Моцная картка;2015-09-08 11:39:53;2015-09-08 11:39:53;16; 
339;Ведомства;2015-09-08 11:39:53;2015-09-08 11:39:53;16; 
340;Биржи;2015-09-08 11:39:53;2015-09-08 11:39:53;16; 
341;Торгово - промышленная палата;2015-09-08 11:39:53;2015-09-08 11:39:53;16; 
342;Адвокаты;2015-09-08 11:39:53;2015-09-08 11:39:53;17;B2B
343;Аудит;2015-09-08 11:39:53;2015-09-08 11:39:53;17; 
344;Банковское оборудование;2015-09-08 11:39:53;2015-09-08 11:39:53;17; 
345;Бюро переводов;2015-09-08 11:39:53;2015-09-08 11:39:53;17; 
346;Веб-студии;2015-09-08 11:39:53;2015-09-08 11:39:53;17; 
347;Инкубаторы малого предпринимательства;2015-09-08 11:39:53;2015-09-08 11:39:53;17; 
348;Кадровые агентства;2015-09-08 11:39:53;2015-09-08 11:39:53;17; 
349;Канцтовары;2015-09-08 11:39:53;2015-09-08 11:39:53;17; 
350;Конференц-залы;2015-09-08 11:39:53;2015-09-08 11:39:53;17; 
351;Органы контроля за финансовой деятельностью и ценными бумагам;2015-09-08 11:39:53;2015-09-08 11:39:53;17; 
352;Офисная техника;2015-09-08 11:39:53;2015-09-08 11:39:53;17; 
353;Охрана труда;2015-09-08 11:39:53;2015-09-08 11:39:53;17; 
354;Охранные системы;2015-09-08 11:39:53;2015-09-08 11:39:53;17; 
355;Печати, штампы;2015-09-08 11:39:53;2015-09-08 11:39:53;17;
356;Полиграфия, издательства;2015-09-08 11:39:53;2015-09-08 11:39:53;17;
357;Продажа бизнеса;2015-09-08 11:39:53;2015-09-08 11:39:53;17; 
358;Регистрация, ликвидация предприятий;2015-09-08 11:39:53;2015-09-08 11:39:53;17;
359;Рекламные агентства, продакшн студии;2015-09-08 11:39:53;2015-09-08 11:39:53;17;
360;Сейфы;2015-09-08 11:39:53;2015-09-08 11:39:53;17; 
361;Сертификация;2015-09-08 11:39:53;2015-09-08 11:39:53;17; 
362;Торговое оборудование;2015-09-08 11:39:53;2015-09-08 11:39:53;17; 
363;Хостинг;2015-09-08 11:39:53;2015-09-08 11:39:53;17; 
364;Программное обеспечение;2015-09-08 11:39:53;2015-09-08 11:39:53;17; 
365;Центры поддержки предпринимательства;2015-09-08 11:39:53;2015-09-08 11:39:53;17; 
366;Экология;2015-09-08 11:39:53;2015-09-08 11:39:53;17; 
367;Экспертиза;2015-09-08 11:39:53;2015-09-08 11:39:53;17; 
368;Услуги;2015-09-08 11:39:53;2015-09-08 11:39:53;17; 
369;Бухгалтерский учет;2015-09-08 11:39:53;2015-09-08 11:39:53;17; 
370;Консалтинговые услуги;2015-09-08 11:39:53;2015-09-08 11:39:53;17; 
371;Курьерские услуги;2015-09-08 11:39:53;2015-09-08 11:39:53;17; 
372;Лизинговые услуги;2015-09-08 11:39:53;2015-09-08 11:39:53;17; 
373;Нотариальные услуги;2015-09-08 11:39:53;2015-09-08 11:39:53;17; 
374;Патентные услуги;2015-09-08 11:39:53;2015-09-08 11:39:53;17; 
375;Складские услуги;2015-09-08 11:39:53;2015-09-08 11:39:53;17; 
376;Таможенные услуги;2015-09-08 11:39:53;2015-09-08 11:39:53;17; 
377;Юридические услуги;2015-09-08 11:39:53;2015-09-08 11:39:53;17;
