Автошколы;2015-09-08 11:39:53;2015-09-08 11:39:53;1;Обучение
Курсы вождения;2015-09-08 11:39:53;2015-09-08 11:39:53;1; 
Аренда автомобилей;2015-09-08 11:39:53;2015-09-08 11:39:53;1;Такси, аренда транспорта
Аренда грузового  а;2015-09-08 11:39:53;2015-09-08 11:39:53;1; 
Аренда спецтехники;2015-09-08 11:39:53;2015-09-08 11:39:53;1; 
Службы такси;2015-09-08 11:39:53;2015-09-08 11:39:53;1; 
Вскрытие замков;2015-09-08 11:39:53;2015-09-08 11:39:53;1;Автопомощь
Эвакуация;2015-09-08 11:39:53;2015-09-08 11:39:53;1; 
Грузоперевозки;2015-09-08 11:39:53;2015-09-08 11:39:53;1;Перевозки
Пассажирские перевозки;2015-09-08 11:39:53;2015-09-08 11:39:53;1; 
ГАИ;2015-09-08 11:39:53;2015-09-08 11:39:53;1;ГАИ, гостехосмотр, штрафстоянки
Гостехосмотр;2015-09-08 11:39:53;2015-09-08 11:39:53;1; 
Платные парковки;2015-09-08 11:39:53;2015-09-08 11:39:53;1; 
Штрафстоянки;2015-09-08 11:39:53;2015-09-08 11:39:53;1; 
Запчасти для грузовых авто;2015-09-08 11:39:53;2015-09-08 11:39:53;1;Грузовые авто, спецтехника и прицепы
Запчасти для пассажирского  а;2015-09-08 11:39:53;2015-09-08 11:39:53;1; 
Запчасти для сельхозтехники;2015-09-08 11:39:53;2015-09-08 11:39:53;1; 
Запчасти для спецтехники;2015-09-08 11:39:53;2015-09-08 11:39:53;1; 
Продажа грузовых авто;2015-09-08 11:39:53;2015-09-08 11:39:53;1; 
Продажа спецтехники;2015-09-08 11:39:53;2015-09-08 11:39:53;1; 
Продажа и аренда прицепов;2015-09-08 11:39:53;2015-09-08 11:39:53;1; 
Ремонт грузовых авто и спецтехники;2015-09-08 11:39:53;2015-09-08 11:39:53;1; 
Магазины автозапчастей;2015-09-08 11:39:53;2015-09-08 11:39:53;1;Запчасти и аксессуары
Аккумуляторы и батареи;2015-09-08 11:39:53;2015-09-08 11:39:53;1; 
Акустика;2015-09-08 11:39:53;2015-09-08 11:39:53;1; 
Масла и автохимия;2015-09-08 11:39:53;2015-09-08 11:39:53;1; 
Охранные системы;2015-09-08 11:39:53;2015-09-08 11:39:53;1; 
Шины, диски;2015-09-08 11:39:53;2015-09-08 11:39:53;1; 
Автоломбарды;2015-09-08 11:39:53;2015-09-08 11:39:53;1;Покупка и продажа авто, мототехники
Автодилеры;2015-09-08 11:39:53;2015-09-08 11:39:53;1; 
Автохаусы;2015-09-08 11:39:53;2015-09-08 11:39:53;1; 
Мототехника;2015-09-08 11:39:53;2015-09-08 11:39:53;1; 
Тюнинг;2015-09-08 11:39:53;2015-09-08 11:39:53;1;Тюнинг и дополнительное оборудование
Аудио, видеотехника;2015-09-08 11:39:53;2015-09-08 11:39:53;1; 
Газовое оборудование;2015-09-08 11:39:53;2015-09-08 11:39:53;1; 
Дополнительное оборудование;2015-09-08 11:39:53;2015-09-08 11:39:53;1; 
Сигнализация;2015-09-08 11:39:53;2015-09-08 11:39:53;1; 
Автомойки, химчистки;2015-09-08 11:39:53;2015-09-08 11:39:53;1;Автозаправки, мойки
АЗС;2015-09-08 11:39:53;2015-09-08 11:39:53;1;
Оборудование для СТО, шиномонтажей и моек;2015-09-08 11:39:53;2015-09-08 11:39:53;1;СТО и ремонт
СТО;2015-09-08 11:39:53;2015-09-08 11:39:53;1;
Химчистки;2015-09-08 11:39:53;2015-09-08 11:39:53;2;Бытовые услуги
Услуги прачечных;2015-09-08 11:39:53;2015-09-08 11:39:53;2; 
Клининговые услуги;2015-09-08 11:39:53;2015-09-08 11:39:53;2; 
Ритуальные услуги;2015-09-08 11:39:53;2015-09-08 11:39:53;2; 
Изготовление ключей;2015-09-08 11:39:53;2015-09-08 11:39:53;2; 
Услуги фотоателье;2015-09-08 11:39:53;2015-09-08 11:39:53;2; 
Мастер на час;2015-09-08 11:39:53;2015-09-08 11:39:53;2; 
Прокат и аренда;2015-09-08 11:39:53;2015-09-08 11:39:53;2; 
Ремонт сумок, чемоданов и зонтов;2015-09-08 11:39:53;2015-09-08 11:39:53;2;Ремонтные мастерские
Ремонт и пошив одежды;2015-09-08 11:39:53;2015-09-08 11:39:53;2; 
Ремонт и пошив обуви;2015-09-08 11:39:53;2015-09-08 11:39:53;2; 
Ремонт и изготовление ювелирных изделий;2015-09-08 11:39:53;2015-09-08 11:39:53;2; 
Ремонт музыкальных инструментов;2015-09-08 11:39:53;2015-09-08 11:39:53;2; 
Ремонт аудио и видеотехники;2015-09-08 11:39:53;2015-09-08 11:39:53;2; 
Ремонт фототехники;2015-09-08 11:39:53;2015-09-08 11:39:53;2; 
Ремонт компьютерной техники;2015-09-08 11:39:53;2015-09-08 11:39:53;2; 
Ремонт бытовой техники;2015-09-08 11:39:53;2015-09-08 11:39:53;2; 
Ремонт мобильных телефонов и средств связи;2015-09-08 11:39:53;2015-09-08 11:39:53;2; 
ЗАГСы;2015-09-08 11:39:53;2015-09-08 11:39:53;3;Государство и общество
Религиозные организации;2015-09-08 11:39:53;2015-09-08 11:39:53;3; 
Центры занятости населения;2015-09-08 11:39:53;2015-09-08 11:39:53;3; 
Налоговые инспекции;2015-09-08 11:39:53;2015-09-08 11:39:53;3; 
Фонды;2015-09-08 11:39:53;2015-09-08 11:39:53;3; 
Нотариусы;2015-09-08 11:39:53;2015-09-08 11:39:53;3; 
Юридические услуги;2015-09-08 11:39:53;2015-09-08 11:39:53;3; 
Посольства и консульства;2015-09-08 11:39:53;2015-09-08 11:39:53;3; 
Военкоматы;2015-09-08 11:39:53;2015-09-08 11:39:53;3; 
Кадровые агентства;2015-09-08 11:39:53;2015-09-08 11:39:53;3; 
Паспортно-визовая служба;2015-09-08 11:39:53;2015-09-08 11:39:53;3; 
Прокуратуры;2015-09-08 11:39:53;2015-09-08 11:39:53;3; 
Коммунальные службы;2015-09-08 11:39:53;2015-09-08 11:39:53;3; 
Санэпидемстанции;2015-09-08 11:39:53;2015-09-08 11:39:53;3; 
Органы исполнительной власти;2015-09-08 11:39:53;2015-09-08 11:39:53;3; 
Суды;2015-09-08 11:39:53;2015-09-08 11:39:53;3; 
Кадастровые агентства;2015-09-08 11:39:53;2015-09-08 11:39:53;3; 
Министерства;2015-09-08 11:39:53;2015-09-08 11:39:53;3; 
Детские развлекательные центры;2015-09-08 11:39:53;2015-09-08 11:39:53;4;Дети
Прокат детских товаров;2015-09-08 11:39:53;2015-09-08 11:39:53;4; 
Магазины детских товаров;2015-09-08 11:39:53;2015-09-08 11:39:53;4; 
Няни;2015-09-08 11:39:53;2015-09-08 11:39:53;4; 
Детские  ;2015-09-08 11:39:53;2015-09-08 11:39:53;4; 
Детские сады;2015-09-08 11:39:53;2015-09-08 11:39:53;4; 
Центры детского развития;2015-09-08 11:39:53;2015-09-08 11:39:53;4; 
Ветаптеки;2015-09-08 11:39:53;2015-09-08 11:39:53;5;Домашние животные
Ветклиники;2015-09-08 11:39:53;2015-09-08 11:39:53;5; 
Гостиницы для домашних животных;2015-09-08 11:39:53;2015-09-08 11:39:53;5; 
Зоомагазины;2015-09-08 11:39:53;2015-09-08 11:39:53;5; 
Питомники;2015-09-08 11:39:53;2015-09-08 11:39:53;5; 
Салоны красоты для животных;2015-09-08 11:39:53;2015-09-08 11:39:53;5; 
Торты на заказ;2015-09-08 11:39:53;2015-09-08 11:39:53;6;Еда
Рестораны, кафе;2015-09-08 11:39:53;2015-09-08 11:39:53;6; 
Кейтеринг;2015-09-08 11:39:53;2015-09-08 11:39:53;6; 
Доставка еды;2015-09-08 11:39:53;2015-09-08 11:39:53;6; 
Банкетные залы;2015-09-08 11:39:53;2015-09-08 11:39:53;6; 
Столовые;2015-09-08 11:39:53;2015-09-08 11:39:53;6; 
Аптеки;2015-09-08 11:39:53;2015-09-08 11:39:53;7; Красота и медицина
Тату- салоны;2015-09-08 11:39:53;2015-09-08 11:39:53;7; 
Фитнес, тренажерные залы;2015-09-08 11:39:53;2015-09-08 11:39:53;7; 
Солярии;2015-09-08 11:39:53;2015-09-08 11:39:53;7; 
Йога;2015-09-08 11:39:53;2015-09-08 11:39:53;7; 
SPA-центры;2015-09-08 11:39:53;2015-09-08 11:39:53;7; 
Парикмахерские;2015-09-08 11:39:53;2015-09-08 11:39:53;7; 
Центры коррекции фигуры;2015-09-08 11:39:53;2015-09-08 11:39:53;7; 
Салоны красоты;2015-09-08 11:39:53;2015-09-08 11:39:53;7; 
Стоматология;2015-09-08 11:39:53;2015-09-08 11:39:53;7; 
Родильные дома;2015-09-08 11:39:53;2015-09-08 11:39:53;7; 
Медицинские центры;2015-09-08 11:39:53;2015-09-08 11:39:53;7; 
Больницы, госпитали;2015-09-08 11:39:53;2015-09-08 11:39:53;7; 
Поликлиники;2015-09-08 11:39:53;2015-09-08 11:39:53;7; 
Магазины оптики;2015-09-08 11:39:53;2015-09-08 11:39:53;7; 
Магазины медтехники;2015-09-08 11:39:53;2015-09-08 11:39:53;7; 
Мастера по маникюру и педикюру;2015-09-08 11:39:53;2015-09-08 11:39:53;7; Мастера красоты
Визажисты, стилисты;2015-09-08 11:39:53;2015-09-08 11:39:53;7; 
Массажисты;2015-09-08 11:39:53;2015-09-08 11:39:53;7; 
Мастера по эпиляции;2015-09-08 11:39:53;2015-09-08 11:39:53;7; 
Косметологи;2015-09-08 11:39:53;2015-09-08 11:39:53;7; 
Магазины парфюмерии и косметики;2015-09-08 11:39:53;2015-09-08 11:39:53;8; Магазины, торговые площадки
Магазины бытовой химии;2015-09-08 11:39:53;2015-09-08 11:39:53;8; 
Ювелирные магазины;2015-09-08 11:39:53;2015-09-08 11:39:53;8; 
Магазины музыкальных инструментов;2015-09-08 11:39:53;2015-09-08 11:39:53;8; 
Магазины товаров для охоты и рыбалки;2015-09-08 11:39:53;2015-09-08 11:39:53;8; 
Магазины канцтоваров;2015-09-08 11:39:53;2015-09-08 11:39:53;8; 
Книжные магазины;2015-09-08 11:39:53;2015-09-08 11:39:53;8; 
Конфискат, комиссионные магазины;2015-09-08 11:39:53;2015-09-08 11:39:53;8; 
Продуктовые магазины;2015-09-08 11:39:53;2015-09-08 11:39:53;8; 
Магазины товаров для хобби;2015-09-08 11:39:53;2015-09-08 11:39:53;8; 
Стоки, секонд-хэнды;2015-09-08 11:39:53;2015-09-08 11:39:53;8; Магазины одежды, обуви, аксессуаров
Детская одежда;2015-09-08 11:39:53;2015-09-08 11:39:53;8; 
Женская одежда;2015-09-08 11:39:53;2015-09-08 11:39:53;8; 
Мужская одежда;2015-09-08 11:39:53;2015-09-08 11:39:53;8; 
Магазины обуви;2015-09-08 11:39:53;2015-09-08 11:39:53;8; 
Магазины аксессуаров;2015-09-08 11:39:53;2015-09-08 11:39:53;8; 
Магазины белья;2015-09-08 11:39:53;2015-09-08 11:39:53;8; 
Магазины для беременных;2015-09-08 11:39:53;2015-09-08 11:39:53;8; 
Магазины спортивной одежды;2015-09-08 11:39:53;2015-09-08 11:39:53;8; 
Магазины бижутерии;2015-09-08 11:39:53;2015-09-08 11:39:53;8; 
Магазины верхней одежды;2015-09-08 11:39:53;2015-09-08 11:39:53;8; 
Магазины сумок;2015-09-08 11:39:53;2015-09-08 11:39:53;8; 
Торговые центры;2015-09-08 11:39:53;2015-09-08 11:39:53;8;Торговые площадки
Рынки;2015-09-08 11:39:53;2015-09-08 11:39:53;8; 
Магазины ковров;2015-09-08 11:39:53;2015-09-08 11:39:53;8; Магазины товаров для дома
Магазины посуды;2015-09-08 11:39:53;2015-09-08 11:39:53;8; 
Магазины постельного белья;2015-09-08 11:39:53;2015-09-08 11:39:53;8; 
Магазины предметов интерьера;2015-09-08 11:39:53;2015-09-08 11:39:53;8; 
Мебельные магазины;2015-09-08 11:39:53;2015-09-08 11:39:53;8; 
Магазины светильников и электрики;2015-09-08 11:39:53;2015-09-08 11:39:53;8; 
Салоны штор;2015-09-08 11:39:53;2015-09-08 11:39:53;8; 
Магазины бытовой техники;2015-09-08 11:39:53;2015-09-08 11:39:53;8; Магазины техники
Компьютерная и оргтехника;2015-09-08 11:39:53;2015-09-08 11:39:53;8; 
Телефоны и связь;2015-09-08 11:39:53;2015-09-08 11:39:53;8;
Фото-, видеотехника;2015-09-08 11:39:53;2015-09-08 11:39:53;8; 
Игры и развлечения;2015-09-08 11:39:53;2015-09-08 11:39:53;8; 
Аудиотехника;2015-09-08 11:39:53;2015-09-08 11:39:53;8; 
Агентства недвижимости;2015-09-08 11:39:53;2015-09-08 11:39:53;9;Недвижимость
Оценка недвижимости;2015-09-08 11:39:53;2015-09-08 11:39:53;9; 
Коммунальные службы;2015-09-08 11:39:53;2015-09-08 11:39:53;9; 
Кадастровые агентства;2015-09-08 11:39:53;2015-09-08 11:39:53;9; 
Застройщики;2015-09-08 11:39:53;2015-09-08 11:39:53;9; 
Коттеджи и агроусадьбы;2015-09-08 11:39:53;2015-09-08 11:39:53;9; 
Квартиры на сутки;2015-09-08 11:39:53;2015-09-08 11:39:53;9; 
Автошколы;2015-09-08 11:39:53;2015-09-08 11:39:53;10;Образование
Повышение квалификации;2015-09-08 11:39:53;2015-09-08 11:39:53;10; 
Библиотеки;2015-09-08 11:39:53;2015-09-08 11:39:53;10; 
Модельные школы;2015-09-08 11:39:53;2015-09-08 11:39:53;10; 
Школы искусств;2015-09-08 11:39:53;2015-09-08 11:39:53;10; 
Школы танцев;2015-09-08 11:39:53;2015-09-08 11:39:53;10; 
Написание курсовых, дипломных работ;2015-09-08 11:39:53;2015-09-08 11:39:53;10; 
Репетиторы. Подготовка к ЦТ;2015-09-08 11:39:53;2015-09-08 11:39:53;10; 
Тренинги;2015-09-08 11:39:53;2015-09-08 11:39:53;10; 
Детские сады;2015-09-08 11:39:53;2015-09-08 11:39:53;10; Учебные заведения
Профессиональные колледжи, училища;2015-09-08 11:39:53;2015-09-08 11:39:53;10; 
Школы;2015-09-08 11:39:53;2015-09-08 11:39:53;10; 
Гимназии;2015-09-08 11:39:53;2015-09-08 11:39:53;10; 
Лицеи;2015-09-08 11:39:53;2015-09-08 11:39:53;10; 
ВУЗЫ;2015-09-08 11:39:53;2015-09-08 11:39:53;10; 
Курсы иностранных языков;2015-09-08 11:39:53;2015-09-08 11:39:53;10;Курсы
Курсы фотографии и видеосъемки;2015-09-08 11:39:53;2015-09-08 11:39:53;10; 
Школы красоты;2015-09-08 11:39:53;2015-09-08 11:39:53;10; 
Курсы рабочих специальностей;2015-09-08 11:39:53;2015-09-08 11:39:53;10; 
Курсы рукоделия;2015-09-08 11:39:53;2015-09-08 11:39:53;10; 
Профессиональные курсы;2015-09-08 11:39:53;2015-09-08 11:39:53;10; 
Кулинарные курсы;2015-09-08 11:39:53;2015-09-08 11:39:53;10; 
Курсы дизайна;2015-09-08 11:39:53;2015-09-08 11:39:53;10; 
IT курсы;2015-09-08 11:39:53;2015-09-08 11:39:53;10; 
Курсы видеосъемки;2015-09-08 11:39:53;2015-09-08 11:39:53;10; 
Рестораны и кафе;2015-09-08 11:39:53;2015-09-08 11:39:53;10; Отдых и развлечения
Сауны, бани;2015-09-08 11:39:53;2015-09-08 11:39:53;10; 
Ночные клубы;2015-09-08 11:39:53;2015-09-08 11:39:53;10; 
Караоке-клубы;2015-09-08 11:39:53;2015-09-08 11:39:53;10; 
Детские развлекательные центры;2015-09-08 11:39:53;2015-09-08 11:39:53;10; 
Клубы по интересам;2015-09-08 11:39:53;2015-09-08 11:39:53;10; 
Выставочные центры, галереи;2015-09-08 11:39:53;2015-09-08 11:39:53;10; 
Парки культуры и отдыха;2015-09-08 11:39:53;2015-09-08 11:39:53;10; 
Дворцы и дома культуры;2015-09-08 11:39:53;2015-09-08 11:39:53;10; 
Казино;2015-09-08 11:39:53;2015-09-08 11:39:53;10;Игорные заведения
Залы игровых автоматов;2015-09-08 11:39:53;2015-09-08 11:39:53;10; 
Бильярд;2015-09-08 11:39:53;2015-09-08 11:39:53;10;Развлечения
Театры;2015-09-08 11:39:53;2015-09-08 11:39:53;10; 
Кинотеатры;2015-09-08 11:39:53;2015-09-08 11:39:53;10; 
Цирки;2015-09-08 11:39:53;2015-09-08 11:39:53;10; 
Музеи;2015-09-08 11:39:53;2015-09-08 11:39:53;10; 
Концертные площадки;2015-09-08 11:39:53;2015-09-08 11:39:53;10; 
Зоопарки и дельфинарии;2015-09-08 11:39:53;2015-09-08 11:39:53;10; 
Лазертаг;2015-09-08 11:39:53;2015-09-08 11:39:53;10; 
Картинг, дрифтинг;2015-09-08 11:39:53;2015-09-08 11:39:53;10; 
Тиры;2015-09-08 11:39:53;2015-09-08 11:39:53;10; 
Дайвинг;2015-09-08 11:39:53;2015-09-08 11:39:53;10; 
Страйкбол;2015-09-08 11:39:53;2015-09-08 11:39:53;10; 
Квесты, приключения;2015-09-08 11:39:53;2015-09-08 11:39:53;10; 
Пейнтбол;2015-09-08 11:39:53;2015-09-08 11:39:53;10; 
Верховая езда;2015-09-08 11:39:53;2015-09-08 11:39:53;10; 
Боулинг;2015-09-08 11:39:53;2015-09-08 11:39:53;10; 
Аквапарки;2015-09-08 11:39:53;2015-09-08 11:39:53;10; 
Букмекерские конторы;2015-09-08 11:39:53;2015-09-08 11:39:53;11;Спорт
Прокат и аренда;2015-09-08 11:39:53;2015-09-08 11:39:53;11; 
Спортивные школы, секции;2015-09-08 11:39:53;2015-09-08 11:39:53;11; 
Спортивное питание;2015-09-08 11:39:53;2015-09-08 11:39:53;11;Магазины
Спортивные товары, снаряжение;2015-09-08 11:39:53;2015-09-08 11:39:53;11; 
Магазины спортивной одежды;2015-09-08 11:39:53;2015-09-08 11:39:53;11; 
Товары для отдыха и туризма;2015-09-08 11:39:53;2015-09-08 11:39:53;11; 
Товары для рыбалки и охоты;2015-09-08 11:39:53;2015-09-08 11:39:53;11; 
Магазины велосипедов;2015-09-08 11:39:53;2015-09-08 11:39:53;11; 
Бассейны;2015-09-08 11:39:53;2015-09-08 11:39:53;11; Спортивные центры
Гольф клубы;2015-09-08 11:39:53;2015-09-08 11:39:53;11; 
Горнолыжные центры;2015-09-08 11:39:53;2015-09-08 11:39:53;11; 
Катки;2015-09-08 11:39:53;2015-09-08 11:39:53;11; 
Спортивные комплексы;2015-09-08 11:39:53;2015-09-08 11:39:53;11; 
Теннисные корты;2015-09-08 11:39:53;2015-09-08 11:39:53;11; 
Фитнес, тренажерные залы;2015-09-08 11:39:53;2015-09-08 11:39:53;11; 
Йога;2015-09-08 11:39:53;2015-09-08 11:39:53;11; 
Артисты;2015-09-08 11:39:53;2015-09-08 11:39:53;12;Праздники
Ведущие;2015-09-08 11:39:53;2015-09-08 11:39:53;12; 
Детские праздники;2015-09-08 11:39:53;2015-09-08 11:39:53;12; 
Аренда оборудования;2015-09-08 11:39:53;2015-09-08 11:39:53;12; 
Оформление и декор;2015-09-08 11:39:53;2015-09-08 11:39:53;12; 
Полиграфия;2015-09-08 11:39:53;2015-09-08 11:39:53;12; 
Подарки и сувениры;2015-09-08 11:39:53;2015-09-08 11:39:53;12; 
Праздничные агентства;2015-09-08 11:39:53;2015-09-08 11:39:53;12; 
Свадебные, вечерние салоны;2015-09-08 11:39:53;2015-09-08 11:39:53;12; 
Карнавальные костюмы;2015-09-08 11:39:53;2015-09-08 11:39:53;12; 
Свадебный кортеж;2015-09-08 11:39:53;2015-09-08 11:39:53;12; 
Шоу-программы;2015-09-08 11:39:53;2015-09-08 11:39:53;12; 
Видеосъёмка;2015-09-08 11:39:53;2015-09-08 11:39:53;12; 
Фотосъёмка;2015-09-08 11:39:53;2015-09-08 11:39:53;12; 
Магазины цветов;2015-09-08 11:39:53;2015-09-08 11:39:53;12; 
Торты на заказ;2015-09-08 11:39:53;2015-09-08 11:39:53;12; 
Двери, фурнитура;2015-09-08 11:39:53;2015-09-08 11:39:53;13;Отделка и декор
Лестницы;2015-09-08 11:39:53;2015-09-08 11:39:53;12; 
Напольные покрытия;2015-09-08 11:39:53;2015-09-08 11:39:53;13; 
Окна;2015-09-08 11:39:53;2015-09-08 11:39:53;13; 
Обои;2015-09-08 11:39:53;2015-09-08 11:39:53;13; 
Отделочные материалы для внутренних работ;2015-09-08 11:39:53;2015-09-08 11:39:53;13; 
Плитка;2015-09-08 11:39:53;2015-09-08 11:39:53;13; 
Потолки, сопутствующие товары;2015-09-08 11:39:53;2015-09-08 11:39:53;13; 
Предметы интерьера, декор;2015-09-08 11:39:53;2015-09-08 11:39:53;13; 
Сантехника;2015-09-08 11:39:53;2015-09-08 11:39:53;13; 
Светильники, электрика;2015-09-08 11:39:53;2015-09-08 11:39:53;13; 
Стекла, витражи, зеркала;2015-09-08 11:39:53;2015-09-08 11:39:53;13; 
Шторы, жалюзи;2015-09-08 11:39:53;2015-09-08 11:39:53;13; 
Бетон, сыпучие материалы;2015-09-08 11:39:53;2015-09-08 11:39:53;13;Материалы для строительства
Железобетонные изделия;2015-09-08 11:39:53;2015-09-08 11:39:53;13; 
Изоляция;2015-09-08 11:39:53;2015-09-08 11:39:53;13; 
Камень, изделия из камня;2015-09-08 11:39:53;2015-09-08 11:39:53;13; 
Кровельные материалы;2015-09-08 11:39:53;2015-09-08 11:39:53;13; 
Лакокрасочная продукция;2015-09-08 11:39:53;2015-09-08 11:39:53;13; 
Металл: конструкции, изделия, прокат;2015-09-08 11:39:53;2015-09-08 11:39:53;13; 
Пиломатериалы;2015-09-08 11:39:53;2015-09-08 11:39:53;13; 
Стеновые и кладочные материалы;2015-09-08 11:39:53;2015-09-08 11:39:53;13; 
Сухие строительные смеси;2015-09-08 11:39:53;2015-09-08 11:39:53;13; 
Трубопроводная арматура;2015-09-08 11:39:53;2015-09-08 11:39:53;13; 
Фасадные материалы;2015-09-08 11:39:53;2015-09-08 11:39:53;13; 
Строительные супермаркеты;2015-09-08 11:39:53;2015-09-08 11:39:53;13;Строительные торговые площадки
Дизайн помещений;2015-09-08 11:39:53;2015-09-08 11:39:53;13;Услуги по строительству и ремонту
Комплексный ремонт под ключ;2015-09-08 11:39:53;2015-09-08 11:39:53;13; 
Отделочные работы;2015-09-08 11:39:53;2015-09-08 11:39:53;13; 
Отопление. Газоснабжение;2015-09-08 11:39:53;2015-09-08 11:39:53;13; 
Подведение коммуникаций;2015-09-08 11:39:53;2015-09-08 11:39:53;13; 
Проектирование. Смета;2015-09-08 11:39:53;2015-09-08 11:39:53;13; 
Сантехнические работы;2015-09-08 11:39:53;2015-09-08 11:39:53;13; 
Строительство зданий и сооружений;2015-09-08 11:39:53;2015-09-08 11:39:53;13; 
Услуги грузчиков, мувинг;2015-09-08 11:39:53;2015-09-08 11:39:53;13; 
Электромонтажные работы;2015-09-08 11:39:53;2015-09-08 11:39:53;13; 
Кровельные работы;2015-09-08 11:39:53;2015-09-08 11:39:53;13; 
Корпусная мебель;2015-09-08 11:39:53;2015-09-08 11:39:53;13;Мебель
Мебельная фурнитура;2015-09-08 11:39:53;2015-09-08 11:39:53;13; 
Мягкая мебель;2015-09-08 11:39:53;2015-09-08 11:39:53;13; 
Ремонт мебели;2015-09-08 11:39:53;2015-09-08 11:39:53;13; 
Специализированная мебель;2015-09-08 11:39:53;2015-09-08 11:39:53;13; 
Стулья и кресла;2015-09-08 11:39:53;2015-09-08 11:39:53;13; 
Кухни;2015-09-08 11:39:53;2015-09-08 11:39:53;13; 
Контрольно-измерительные приборы;2015-09-08 11:39:53;2015-09-08 11:39:53;13;Инструмент и оборудование
Отопительное оборудование;2015-09-08 11:39:53;2015-09-08 11:39:53;13; 
Охранные системы, видеонаблюдение;2015-09-08 11:39:53;2015-09-08 11:39:53;13; 
Системы кондиционирования и вентиляции;2015-09-08 11:39:53;2015-09-08 11:39:53;13; 
Строительный инструмент;2015-09-08 11:39:53;2015-09-08 11:39:53;13; 
Строительная техника и оборудование;2015-09-08 11:39:53;2015-09-08 11:39:53;13; 
Электрооборудование;2015-09-08 11:39:53;2015-09-08 11:39:53;13; 
Бани, сауны;2015-09-08 11:39:53;2015-09-08 11:39:53;13;Благоустройство территории
Бассейны;2015-09-08 11:39:53;2015-09-08 11:39:53;13; 
Беседки, садовая мебель;2015-09-08 11:39:53;2015-09-08 11:39:53;13; 
Все для сада и огорода;2015-09-08 11:39:53;2015-09-08 11:39:53;13; 
Ворота, ограждения;2015-09-08 11:39:53;2015-09-08 11:39:53;13; 
Ландшафтный дизайн;2015-09-08 11:39:53;2015-09-08 11:39:53;13; 
Уличное освещение;2015-09-08 11:39:53;2015-09-08 11:39:53;13; 
Интернет-провайдеры;2015-09-08 11:39:53;2015-09-08 11:39:53;14;Связь
Операторы связи;2015-09-08 11:39:53;2015-09-08 11:39:53;14; 
Телевидение;2015-09-08 11:39:53;2015-09-08 11:39:53;14; 
Почтовые отделения;2015-09-08 11:39:53;2015-09-08 11:39:53;14; 
Серверное оборудование;2015-09-08 11:39:53;2015-09-08 11:39:53;14; 
Сетевое оборудование;2015-09-08 11:39:53;2015-09-08 11:39:53;14; 
Аренда легковых автомобилей и автобусов;2015-09-08 11:39:53;2015-09-08 11:39:53;14; Транспорт
Службы такси;2015-09-08 11:39:53;2015-09-08 11:39:53;14; 
Пассажирские перевозки;2015-09-08 11:39:53;2015-09-08 11:39:53;14; 
Грузоперевозки;2015-09-08 11:39:53;2015-09-08 11:39:53;14; 
Железнодорожные вокзалы;2015-09-08 11:39:53;2015-09-08 11:39:53;14; 
Автовокзалы;2015-09-08 11:39:53;2015-09-08 11:39:53;14; 
Речные вокзалы;2015-09-08 11:39:53;2015-09-08 11:39:53;14; 
Аэропорты;2015-09-08 11:39:53;2015-09-08 11:39:53;14; 
Общественный городской транспорт;2015-09-08 11:39:53;2015-09-08 11:39:53;14; 
Туристические компании;2015-09-08 11:39:53;2015-09-08 11:39:53;15;Туризм и путешествия
Коттеджи и агроусадьбы;2015-09-08 11:39:53;2015-09-08 11:39:53;15; 
Посольства и консульства;2015-09-08 11:39:53;2015-09-08 11:39:53;15; 
Авиакомпании;2015-09-08 11:39:53;2015-09-08 11:39:53;15; 
Гостиницы;2015-09-08 11:39:53;2015-09-08 11:39:53;15; 
Санатории;2015-09-08 11:39:53;2015-09-08 11:39:53;15; 
Базы отдыха;2015-09-08 11:39:53;2015-09-08 11:39:53;15; 
Визовая поддержка;2015-09-08 11:39:53;2015-09-08 11:39:53;15; 
Квартиры на сутки;2015-09-08 11:39:53;2015-09-08 11:39:53;15; 
Детские оздоровительные лагеря;2015-09-08 11:39:53;2015-09-08 11:39:53;15; 
Охотничьи угодья;2015-09-08 11:39:53;2015-09-08 11:39:53;15; 
Рыболовные угодья;2015-09-08 11:39:53;2015-09-08 11:39:53;15; 
Страхование;2015-09-08 11:39:53;2015-09-08 11:39:53;16;Финансы
Банки;2015-09-08 11:39:53;2015-09-08 11:39:53;16; 
Заемные компании и общества;2015-09-08 11:39:53;2015-09-08 11:39:53;16; 
Банкоматы;2015-09-08 11:39:53;2015-09-08 11:39:53;16; 
Ломбарды;2015-09-08 11:39:53;2015-09-08 11:39:53;16; 
Моцная картка;2015-09-08 11:39:53;2015-09-08 11:39:53;16; 
Ведомства;2015-09-08 11:39:53;2015-09-08 11:39:53;16; 
Биржи;2015-09-08 11:39:53;2015-09-08 11:39:53;16; 
Торгово - промышленная палата;2015-09-08 11:39:53;2015-09-08 11:39:53;16; 
Адвокаты;2015-09-08 11:39:53;2015-09-08 11:39:53;17;B2B
Аудит;2015-09-08 11:39:53;2015-09-08 11:39:53;17; 
Банковское оборудование;2015-09-08 11:39:53;2015-09-08 11:39:53;17; 
Бюро переводов;2015-09-08 11:39:53;2015-09-08 11:39:53;17; 
Веб-студии;2015-09-08 11:39:53;2015-09-08 11:39:53;17; 
Инкубаторы малого предпринимательства;2015-09-08 11:39:53;2015-09-08 11:39:53;17; 
Кадровые агентства;2015-09-08 11:39:53;2015-09-08 11:39:53;17; 
Канцтовары;2015-09-08 11:39:53;2015-09-08 11:39:53;17; 
Конференц-залы;2015-09-08 11:39:53;2015-09-08 11:39:53;17; 
Органы контроля за финансовой деятельностью и ценными бумагам;2015-09-08 11:39:53;2015-09-08 11:39:53;17; 
Офисная техника;2015-09-08 11:39:53;2015-09-08 11:39:53;17; 
Охрана труда;2015-09-08 11:39:53;2015-09-08 11:39:53;17; 
Охранные системы;2015-09-08 11:39:53;2015-09-08 11:39:53;17; 
Печати, штампы;2015-09-08 11:39:53;2015-09-08 11:39:53;17; 
Полиграфия, издательства;2015-09-08 11:39:53;2015-09-08 11:39:53;17; 
Продажа бизнеса;2015-09-08 11:39:53;2015-09-08 11:39:53;17; 
Регистрация, ликвидация предприятий;2015-09-08 11:39:53;2015-09-08 11:39:53;17; 
Рекламные агентства, продакшн студии;2015-09-08 11:39:53;2015-09-08 11:39:53;17; 
Сейфы;2015-09-08 11:39:53;2015-09-08 11:39:53;17; 
Сертификация;2015-09-08 11:39:53;2015-09-08 11:39:53;17; 
Торговое оборудование;2015-09-08 11:39:53;2015-09-08 11:39:53;17; 
Хостинг;2015-09-08 11:39:53;2015-09-08 11:39:53;17; 
Программное обеспечение;2015-09-08 11:39:53;2015-09-08 11:39:53;17; 
Центры поддержки предпринимательства;2015-09-08 11:39:53;2015-09-08 11:39:53;17; 
Экология;2015-09-08 11:39:53;2015-09-08 11:39:53;17; 
Экспертиза;2015-09-08 11:39:53;2015-09-08 11:39:53;17; 
Услуги;2015-09-08 11:39:53;2015-09-08 11:39:53;17; 
Бухгалтерский учет;2015-09-08 11:39:53;2015-09-08 11:39:53;17; 
Консалтинговые услуги;2015-09-08 11:39:53;2015-09-08 11:39:53;17; 
Курьерские услуги;2015-09-08 11:39:53;2015-09-08 11:39:53;17; 
Лизинговые услуги;2015-09-08 11:39:53;2015-09-08 11:39:53;17; 
Нотариальные услуги;2015-09-08 11:39:53;2015-09-08 11:39:53;17; 
Патентные услуги;2015-09-08 11:39:53;2015-09-08 11:39:53;17; 
Складские услуги;2015-09-08 11:39:53;2015-09-08 11:39:53;17; 
Таможенные услуги;2015-09-08 11:39:53;2015-09-08 11:39:53;17; 
Юридические услуги;2015-09-08 11:39:53;2015-09-08 11:39:53;17;